election_term,state,seat_code,seat_name,total_votes_cast,voter_turnout_percentage,majority,total_registered_voters,absent_voters
ge12,Perlis,P.001,Padang Besar,29310,0.8,5348,36614,7304
ge12,Perlis,P.002,Kangar,34946,0.802,13671,43589,8643
ge12,Perlis,P.003,Arau,33276,0.834,300,39875,6599
ge12,Kedah,P.004,Langkawi,23273,0.787,4970,29568,6295
ge12,Kedah,P.005,Jerlun,37297,0.82,2205,45511,8214
ge12,Kedah,P.006,Kubang Pasu,42353,0.794,7060,53321,10968
ge12,Kedah,P.007,Padang Terap,30445,0.86,369,35401,4956
ge12,Kedah,P.008,Pokok Sena,55318,0.794,5731,69634,14316
ge12,Kedah,P.009,Alor Setar,43206,0.733,184,58960,15754
ge12,Kedah,P.010,Kuala Kedah,65750,0.791,7018,83133,17383
ge12,Kedah,P.011,Pendang,51645,0.842,4073,61343,9698
ge12,Kedah,P.012,Jerai,51913,0.79,2299,65737,13824
ge12,Kedah,P.013,Sik,33859,0.839,481,40337,6478
ge12,Kedah,P.014,Merbok,49718,0.772,3098,64443,14725
ge12,Kedah,P.015,Sungai Petani,59378,0.778,9381,76282,16904
ge12,Kedah,P.016,Baling,65764,0.835,7613,78787,13023
ge12,Kedah,P.017,Padang Serai,47124,0.796,11738,59215,12091
ge12,Kedah,P.018,Kulim-Bandar Baharu,40182,0.773,5583,51995,11813
ge12,Kelantan,P.019,Tumpat,65254,0.815,9377,80076,14822
ge12,Kelantan,P.020,Pengkalan Chepa,43049,0.822,11311,52351,9302
ge12,Kelantan,P.021,Kota Bharu,53710,0.787,11288,68263,14553
ge12,Kelantan,P.022,Pasir Mas,49344,0.827,8991,59637,10293
ge12,Kelantan,P.023,Rantau Panjang,35451,0.781,4486,45385,9934
ge12,Kelantan,P.024,Kubang Kerian,44474,0.831,10642,53492,9018
ge12,Kelantan,P.025,Bachok,55724,0.86,2901,64810,9086
ge12,Kelantan,P.026,Ketereh,44377,0.85,400,52238,7861
ge12,Kelantan,P.027,Tanah Merah,36126,0.815,1584,44348,8222
ge12,Kelantan,P.028,Pasir Puteh,53778,0.835,3968,64389,10611
ge12,Kelantan,P.029,Machang,41494,0.844,1460,49157,7663
ge12,Kelantan,P.030,Jeli,30555,0.842,4436,36297,5742
ge12,Kelantan,P.031,Kuala Krai,43013,0.823,4984,52250,9237
ge12,Kelantan,P.032,Gua Musang,24283,0.838,4394,28987,4704
ge12,Terengganu,P.033,Besut,49303,0.845,10590,58353,9050
ge12,Terengganu,P.034,Setiu,46821,0.859,7232,54519,7698
ge12,Terengganu,P.035,Kuala Nerus,52539,0.858,1341,61212,8673
ge12,Terengganu,P.036,Kuala Terengganu,66231,0.824,628,80328,14097
ge12,Terengganu,P.037,Marang,65008,0.869,2747,74816,9808
ge12,Terengganu,P.038,Hulu Terengganu,45971,0.875,10460,52514,6543
ge12,Terengganu,P.039,Dungun,54464,0.84,4994,64853,10389
ge12,Terengganu,P.040,Kemaman,62868,0.838,12683,75003,12135
ge12,Pulau Pinang,P.041,Kepala Batas,36328,0.844,11246,43017,6689
ge12,Pulau Pinang,P.042,Tasek Gelugor,37308,0.839,4547,44467,7159
ge12,Pulau Pinang,P.043,Bagan,46227,0.778,22070,59387,13160
ge12,Pulau Pinang,P.044,Permatang Pauh,47963,0.821,13398,58448,10485
ge12,Pulau Pinang,P.045,Bukit Mertajam,50823,0.793,25897,64081,13258
ge12,Pulau Pinang,P.046,Batu Kawan,37292,0.787,9485,47378,10086
ge12,Pulau Pinang,P.047,Nibong Tebal,38129,0.802,3087,47542,9413
ge12,Pulau Pinang,P.048,Bukit Bendera,47105,0.73,16112,64545,17440
ge12,Pulau Pinang,P.049,Tanjong,38734,0.728,18489,53191,14457
ge12,Pulau Pinang,P.050,Jelutong,46406,0.758,16246,61181,14775
ge12,Pulau Pinang,P.051,Bukit Gelugor,50553,0.77,21015,65610,15057
ge12,Pulau Pinang,P.052,Bayan Baru,46418,0.765,11029,60716,14298
ge12,Pulau Pinang,P.053,Balik Pulau,31391,0.789,708,39765,8374
ge12,Perak,P.054,Gerik,20493,0.781,5573,26229,5736
ge12,Perak,P.055,Lenggong,17436,0.751,4919,23223,5787
ge12,Perak,P.056,Larut,30589,0.771,1911,39695,9106
ge12,Perak,P.057,Parit Buntar,35592,0.787,7551,45219,9627
ge12,Perak,P.058,Bagan Serai,36237,0.769,3413,47109,10872
ge12,Perak,P.059,Bukit Gantang,40301,0.726,1566,55472,15171
ge12,Perak,P.060,Taiping,47123,0.715,11298,65887,18764
ge12,Perak,P.061,Padang Rengas,18350,0.752,1749,24398,6048
ge12,Perak,P.062,Sungai Siput,33154,0.699,1821,47423,14269
ge12,Perak,P.063,Tambun,51844,0.752,5386,68969,17125
ge12,Perak,P.064,Ipoh Timor,53994,0.704,21942,76641,22647
ge12,Perak,P.065,Ipoh Barat,50641,0.726,15534,69772,19131
ge12,Perak,P.066,Batu Gajah,56270,0.728,24627,77315,21045
ge12,Perak,P.067,Kuala Kangsar,20773,0.733,1458,28324,7551
ge12,Perak,P.068,Beruas,30821,0.712,1828,43275,12454
ge12,Perak,P.069,Parit,22598,0.783,2873,28860,6262
ge12,Perak,P.070,Kampar,38953,0.652,2697,59780,20827
ge12,Perak,P.071,Gopeng,53303,0.717,7368,74341,21038
ge12,Perak,P.072,Tapah,26811,0.701,3020,38235,11424
ge12,Perak,P.073,Pasir Salak,32119,0.752,2688,42711,10592
ge12,Perak,P.074,Lumut,55930,0.769,298,72759,16829
ge12,Perak,P.075,Bagan Datuk,24414,0.704,2692,34669,10255
ge12,Perak,P.076,Teluk Intan,36739,0.702,1470,52357,15618
ge12,Perak,P.077,Tanjong Malim,38107,0.712,5422,53483,15376
ge12,Pahang,P.078,Cameron Highlands,16456,0.701,3117,23461,7005
ge12,Pahang,P.079,Lipis,21758,0.766,4137,28423,6665
ge12,Pahang,P.080,Raub,34459,0.742,2752,46453,11994
ge12,Pahang,P.081,Jerantut,38078,0.78,1946,48811,10733
ge12,Pahang,P.082,Indera Mahkota,39677,0.774,1027,51235,11558
ge12,Pahang,P.083,Kuantan,35772,0.749,1826,47746,11974
ge12,Pahang,P.084,Paya Besar,30888,0.775,8503,39881,8993
ge12,Pahang,P.085,Pekan,47870,0.822,26464,58214,10344
ge12,Pahang,P.086,Maran,25672,0.79,6641,32516,6844
ge12,Pahang,P.087,Kuala Krau,27594,0.808,5265,34138,6544
ge12,Pahang,P.088,Temerloh,41463,0.768,2441,54009,12546
ge12,Pahang,P.089,Bentong,39168,0.73,12549,53647,14479
ge12,Pahang,P.090,Bera,33123,0.77,4313,42994,9871
ge12,Pahang,P.091,Rompin,32930,0.79,10679,41699,8769
ge12,Selangor,P.092,Sabak Bernam,23581,0.751,1335,31382,7801
ge12,Selangor,P.093,Sungai Besar,27927,0.82,5009,34073,6146
ge12,Selangor,P.094,Hulu Selangor,47845,0.752,198,63589,15744
ge12,Selangor,P.095,Tanjong Karang,29052,0.798,3820,36392,7340
ge12,Selangor,P.096,Kuala Selangor,37671,0.798,862,47200,9529
ge12,Selangor,P.097,Selayang,60920,0.766,3567,79561,18641
ge12,Selangor,P.098,Gombak,75619,0.763,6867,99159,23540
ge12,Selangor,P.099,Ampang,51097,0.739,3676,69134,18037
ge12,Selangor,P.100,Pandan,48309,0.749,2961,64497,16188
ge12,Selangor,P.101,Hulu Langat,72322,0.801,1745,90323,18001
ge12,Selangor,P.102,Bangi,76236,0.804,21025,94879,18643
ge12,Selangor,P.103,Puchong,59317,0.784,12593,75620,16303
ge12,Selangor,P.104,Subang,58625,0.736,5031,79642,21017
ge12,Selangor,P.105,Petaling Jaya,52631,0.719,5706,73190,20559
ge12,Selangor,P.106,Damansara,56295,0.735,19972,76623,20328
ge12,Selangor,P.107,Sungai Buloh,65861,0.78,6709,84415,18554
ge12,Selangor,P.108,Shah Alam,58361,0.775,9314,75333,16972
ge12,Selangor,P.109,Kapar,87286,0.778,12297,112221,24935
ge12,Selangor,P.110,Klang,59323,0.762,17701,77821,18498
ge12,Selangor,P.111,Kota Raja,57323,0.798,20751,71878,14555
ge12,Selangor,P.112,Kuala Langat,53935,0.811,989,66512,12577
ge12,Selangor,P.113,Sepang,49137,0.792,4849,62041,12904
ge12,W.P. Kuala Lumpur,P.114,Kepong,47508,0.782,23848,60775,13267
ge12,W.P. Kuala Lumpur,P.115,Batu,51303,0.727,9455,70548,19245
ge12,W.P. Kuala Lumpur,P.116,Wangsa Maju,39798,0.73,150,54510,14712
ge12,W.P. Kuala Lumpur,P.117,Segambut,43531,0.729,7732,59688,16157
ge12,W.P. Kuala Lumpur,P.118,Setiawangsa,45096,0.789,8134,57163,12067
ge12,W.P. Kuala Lumpur,P.119,Titiwangsa,33933,0.68,1972,49894,15961
ge12,W.P. Kuala Lumpur,P.120,Bukit Bintang,40441,0.674,14277,59983,19542
ge12,W.P. Kuala Lumpur,P.121,Lembah Pantai,41289,0.729,2895,56653,15364
ge12,W.P. Kuala Lumpur,P.122,Seputeh,58207,0.757,36492,76891,18684
ge12,W.P. Kuala Lumpur,P.123,Cheras,50571,0.736,28300,68729,18158
ge12,W.P. Kuala Lumpur,P.124,Bandar Tun Razak,54995,0.757,2515,72629,17634
ge12,W.P. Putrajaya,P.125,Putrajaya,5416,0.82,2734,6608,1192
ge12,Negeri Sembilan,P.126,Jelebu,29029,0.75,11610,38679,9650
ge12,Negeri Sembilan,P.127,Jempol,39322,0.735,12320,53477,14155
ge12,Negeri Sembilan,P.128,Seremban,64437,0.761,3948,84674,20237
ge12,Negeri Sembilan,P.129,Kuala Pilah,31734,0.75,10008,42328,10594
ge12,Negeri Sembilan,P.130,Rasah,56654,0.786,13151,72115,15461
ge12,Negeri Sembilan,P.131,Rembau,48901,0.778,5746,62895,13994
ge12,Negeri Sembilan,P.132,Port Dickson,46613,0.775,2804,60184,13571
ge12,Negeri Sembilan,P.133,Tampin,36331,0.762,13079,47653,11322
ge12,Melaka,P.134,Masjid Tanah,31715,0.781,12285,40608,8893
ge12,Melaka,P.135,Alor Gajah,41854,0.774,12884,54095,12241
ge12,Melaka,P.136,Tangga Batu,49675,0.825,14500,60190,10515
ge12,Melaka,P.137,Hang Tuah Jaya,62073,0.819,1758,75772,13699
ge12,Melaka,P.138,Kota Melaka,67479,0.796,11390,84804,17325
ge12,Melaka,P.139,Jasin,44654,0.796,12728,56119,11465
ge12,Johor,P.140,Segamat,29699,0.73,2991,40705,11006
ge12,Johor,P.141,Sekijang,26716,0.76,9867,35138,8422
ge12,Johor,P.142,Labis,24080,0.72,4094,33467,9387
ge12,Johor,P.143,Pagoh,30313,0.757,12581,40043,9730
ge12,Johor,P.144,Ledang,44556,0.762,7617,58503,13947
ge12,Johor,P.145,Bakri,43168,0.766,722,56391,13223
ge12,Johor,P.146,Muar,30275,0.738,4661,41017,10742
ge12,Johor,P.147,Parit Sulong,39637,0.789,13599,50237,10600
ge12,Johor,P.148,Ayer Hitam,27488,0.79,13909,34803,7315
ge12,Johor,P.149,Sri Gading,29266,0.794,10874,36845,7579
ge12,Johor,P.150,Batu Pahat,54103,0.772,12968,70072,15969
ge12,Johor,P.151,Simpang Renggam,25998,0.746,7853,34859,8861
ge12,Johor,P.152,Kluang,54567,0.766,3781,71236,16669
ge12,Johor,P.153,Sembrong,25211,0.76,11570,33181,7970
ge12,Johor,P.154,Mersing,27548,0.756,13736,36443,8895
ge12,Johor,P.155,Tenggara,25784,0.798,14049,32298,6514
ge12,Johor,P.156,Kota Tinggi,27109,0.793,18961,34189,7080
ge12,Johor,P.158,Tebrau,48700,0.779,14851,62508,13808
ge12,Johor,P.159,Pasir Gudang,55891,0.767,17281,72860,16969
ge12,Johor,P.160,Johor Bahru,62440,0.696,25349,89725,27285
ge12,Johor,P.161,Pulai,56863,0.714,20449,79617,22754
ge12,Johor,P.162,Iskandar Puteri,60728,0.772,8851,78673,17945
ge12,Johor,P.163,Kulai,53676,0.797,11744,67356,13680
ge12,Johor,P.164,Pontian,32806,0.758,14444,43262,10456
ge12,Johor,P.165,Tanjung Piai,35564,0.778,12371,45700,10136
ge12,W.P. Labuan,P.166,Labuan,14149,0.681,8457,20782,6633
ge12,Sabah,P.167,Kudat,26551,0.67,9895,39640,13089
ge12,Sabah,P.168,Kota Marudu,22199,0.695,4198,31936,9737
ge12,Sabah,P.169,Kota Belud,33710,0.783,3020,43068,9358
ge12,Sabah,P.170,Tuaran,30563,0.75,6622,40761,10198
ge12,Sabah,P.171,Sepanggar,26990,0.688,11461,39252,12262
ge12,Sabah,P.172,Kota Kinabalu,28017,0.641,106,43715,15698
ge12,Sabah,P.173,Putatan,23296,0.667,6445,34937,11641
ge12,Sabah,P.174,Penampang,25552,0.713,3063,35822,10270
ge12,Sabah,P.175,Papar,24913,0.772,9574,32279,7366
ge12,Sabah,P.176,Kimanis,17367,0.781,5453,22239,4872
ge12,Sabah,P.177,Beaufort,19346,0.722,10914,26787,7441
ge12,Sabah,P.178,Sipitang,18211,0.754,6146,24146,5935
ge12,Sabah,P.179,Ranau,22201,0.721,7251,30809,8608
ge12,Sabah,P.180,Keningau,25956,0.73,4264,35575,9619
ge12,Sabah,P.181,Tenom,15705,0.752,6883,20873,5168
ge12,Sabah,P.183,Beluran,12349,0.644,4352,19181,6832
ge12,Sabah,P.184,Libaran,20536,0.653,7529,31434,10898
ge12,Sabah,P.185,Batu Sapi,16398,0.631,3708,26003,9605
ge12,Sabah,P.186,Sandakan,20048,0.61,176,32849,12801
ge12,Sabah,P.187,Kinabatangan,12814,0.655,6326,19554,6740
ge12,Sabah,P.188,Lahad Datu,27557,0.634,9792,43485,15928
ge12,Sabah,P.189,Semporna,22209,0.631,17462,35213,13004
ge12,Sabah,P.190,Tawau,27071,0.636,4867,42557,15486
ge12,Sarawak,P.192,Mas Gading,14800,0.674,4301,21968,7168
ge12,Sarawak,P.193,Santubong,19959,0.647,11945,30834,10875
ge12,Sarawak,P.194,Petra Jaya,25027,0.617,14397,40536,15509
ge12,Sarawak,P.195,Bandar Kuching,36257,0.681,9952,53217,16960
ge12,Sarawak,P.196,Stampin,43922,0.653,3070,67261,23339
ge12,Sarawak,P.197,Kota Samarahan,21428,0.751,11411,28517,7089
ge12,Sarawak,P.198,Puncak Borneo,22306,0.617,6657,36146,13840
ge12,Sarawak,P.199,Serian,18516,0.664,13427,27902,9386
ge12,Sarawak,P.200,Batang Sadong,11120,0.662,5425,16795,5675
ge12,Sarawak,P.201,Batang Lupar,14393,0.642,8092,22415,8022
ge12,Sarawak,P.202,Sri Aman,15513,0.603,4252,25722,10209
ge12,Sarawak,P.203,Lubok Antu,12038,0.7,1610,17189,5151
ge12,Sarawak,P.204,Betong,15953,0.722,11709,22089,6136
ge12,Sarawak,P.205,Saratok,16467,0.687,8706,23983,7516
ge12,Sarawak,P.208,Sarikei,22246,0.702,51,31675,9429
ge12,Sarawak,P.209,Julau,13313,0.656,7584,20306,6993
ge12,Sarawak,P.211,Lanang,34443,0.695,4864,49529,15086
ge12,Sarawak,P.212,Sibu,36379,0.678,3235,53680,17301
ge12,Sarawak,P.213,Mukah,14435,0.632,6298,22851,8416
ge12,Sarawak,P.216,Hulu Rajang,11164,0.631,2164,17695,6531
ge12,Sarawak,P.217,Bintulu,32629,0.647,14965,50407,17778
ge12,Sarawak,P.218,Sibuti,13030,0.588,3648,22144,9114
ge12,Sarawak,P.219,Miri,33969,0.607,5216,55962,21993
ge12,Sarawak,P.220,Baram,12126,0.496,4044,24422,12296
ge12,Sarawak,P.221,Limbang,12380,0.609,676,20315,7935
ge12,Sarawak,P.222,Lawas,9342,0.594,7792,15716,6374
ge13,Perlis,P.001,Padang Besar,36142,0.861,7426,41976,5834
ge13,Perlis,P.002,Kangar,43431,0.848,4037,51215,7784
ge13,Perlis,P.003,Arau,38439,0.876,1371,43880,5441
ge13,Kedah,P.004,Langkawi,32096,0.855,11861,37539,5443
ge13,Kedah,P.005,Jerlun,45899,0.876,3270,52396,6497
ge13,Kedah,P.006,Kubang Pasu,57296,0.874,10444,65556,8260
ge13,Kedah,P.007,Padang Terap,37904,0.903,4442,41975,4071
ge13,Kedah,P.008,Pokok Sena,69524,0.861,3935,80747,11223
ge13,Kedah,P.009,Alor Setar,57912,0.839,1873,69025,11113
ge13,Kedah,P.010,Kuala Kedah,82253,0.863,4947,95310,13057
ge13,Kedah,P.011,Pendang,62578,0.892,2638,70154,7576
ge13,Kedah,P.012,Jerai,64778,0.871,1196,74371,9593
ge13,Kedah,P.013,Sik,42077,0.899,2807,46804,4727
ge13,Kedah,P.014,Merbok,74520,0.867,4122,85951,11431
ge13,Kedah,P.015,Sungai Petani,81024,0.87,9548,93131,12107
ge13,Kedah,P.016,Baling,83109,0.892,5185,93171,10062
ge13,Kedah,P.017,Padang Serai,64584,0.872,8437,74064,9480
ge13,Kedah,P.018,Kulim-Bandar Baharu,52766,0.866,1871,60930,8164
ge13,Kelantan,P.019,Tumpat,82962,0.841,10704,98646,15684
ge13,Kelantan,P.020,Pengkalan Chepa,54985,0.854,15120,64385,9400
ge13,Kelantan,P.021,Kota Bharu,66277,0.816,15970,81221,14944
ge13,Kelantan,P.022,Pasir Mas,60168,0.836,8047,71971,11803
ge13,Kelantan,P.023,Rantau Panjang,41934,0.793,6362,52880,10946
ge13,Kelantan,P.024,Kubang Kerian,55108,0.843,16741,65371,10263
ge13,Kelantan,P.025,Bachok,71792,0.88,201,81581,9789
ge13,Kelantan,P.026,Ketereh,53906,0.866,974,62247,8341
ge13,Kelantan,P.027,Tanah Merah,50009,0.859,4227,58217,8208
ge13,Kelantan,P.028,Pasir Puteh,66232,0.869,1888,76216,9984
ge13,Kelantan,P.029,Machang,51372,0.867,805,59252,7880
ge13,Kelantan,P.030,Jeli,37871,0.876,5336,43231,5360
ge13,Kelantan,P.031,Kuala Krai,54643,0.866,2043,63098,8455
ge13,Kelantan,P.032,Gua Musang,35097,0.874,8413,40156,5059
ge13,Terengganu,P.033,Besut,63017,0.868,8342,72600,9583
ge13,Terengganu,P.034,Setiu,59262,0.881,7943,67266,8004
ge13,Terengganu,P.035,Kuala Nerus,68036,0.892,610,76273,8237
ge13,Terengganu,P.036,Kuala Terengganu,82122,0.87,10785,94393,12271
ge13,Terengganu,P.037,Marang,81829,0.901,5124,90820,8991
ge13,Terengganu,P.038,Hulu Terengganu,56634,0.891,8213,63562,6928
ge13,Terengganu,P.039,Dungun,68204,0.872,3942,78215,10011
ge13,Terengganu,P.040,Kemaman,80168,0.872,12306,91935,11767
ge13,Pulau Pinang,P.041,Kepala Batas,46740,0.905,4176,51646,4906
ge13,Pulau Pinang,P.042,Tasek Gelugor,48121,0.89,3042,54068,5947
ge13,Pulau Pinang,P.043,Bagan,59792,0.873,34159,68490,8698
ge13,Pulau Pinang,P.044,Permatang Pauh,63475,0.885,11721,71723,8248
ge13,Pulau Pinang,P.045,Bukit Mertajam,69588,0.881,43063,78987,9399
ge13,Pulau Pinang,P.046,Batu Kawan,50208,0.873,25962,57512,7304
ge13,Pulau Pinang,P.047,Nibong Tebal,52599,0.886,8598,59366,6767
ge13,Pulau Pinang,P.048,Bukit Bendera,59118,0.832,32778,71055,11937
ge13,Pulau Pinang,P.049,Tanjong,42903,0.833,28645,51504,8601
ge13,Pulau Pinang,P.050,Jelutong,61715,0.866,25750,71264,9549
ge13,Pulau Pinang,P.051,Bukit Gelugor,70683,0.863,42706,81903,11220
ge13,Pulau Pinang,P.052,Bayan Baru,68846,0.87,19307,79133,10287
ge13,Pulau Pinang,P.053,Balik Pulau,43773,0.882,1539,49629,5856
ge13,Perak,P.054,Gerik,27414,0.838,6216,32713,5299
ge13,Perak,P.055,Lenggong,23736,0.849,4161,27957,4221
ge13,Perak,P.056,Larut,40100,0.861,5296,46573,6473
ge13,Perak,P.057,Parit Buntar,44306,0.862,8476,51399,7093
ge13,Perak,P.058,Bagan Serai,46384,0.847,1140,54762,8378
ge13,Perak,P.059,Bukit Gantang,61018,0.856,986,71282,10264
ge13,Perak,P.060,Taiping,63913,0.818,11745,78133,14220
ge13,Perak,P.061,Padang Rengas,24230,0.85,2230,28505,4275
ge13,Perak,P.062,Sungai Siput,41617,0.807,2793,51570,9953
ge13,Perak,P.063,Tambun,76275,0.853,9325,89419,13144
ge13,Perak,P.064,Ipoh Timor,65217,0.797,34000,81828,16611
ge13,Perak,P.065,Ipoh Barat,63074,0.8109999999999999,29038,77773,14699
ge13,Perak,P.066,Batu Gajah,70270,0.802,38410,87618,17348
ge13,Perak,P.067,Kuala Kangsar,28283,0.843,1082,33550,5267
ge13,Perak,P.068,Beruas,39586,0.805,5057,49175,9589
ge13,Perak,P.069,Parit,28613,0.854,4497,33504,4891
ge13,Perak,P.070,Kampar,49272,0.774,5400,63658,14386
ge13,Perak,P.071,Gopeng,81442,0.839,15309,97070,15628
ge13,Perak,P.072,Tapah,36957,0.813,7927,45457,8500
ge13,Perak,P.073,Pasir Salak,43533,0.845,7386,51518,7985
ge13,Perak,P.074,Lumut,73756,0.835,8168,88330,14574
ge13,Perak,P.075,Bagan Datuk,33069,0.828,2108,39938,6869
ge13,Perak,P.076,Teluk Intan,48839,0.807,7313,60519,11680
ge13,Perak,P.077,Tanjong Malim,53399,0.828,4328,64491,11092
ge13,Pahang,P.078,Cameron Highlands,22754,0.813,462,27987,5233
ge13,Pahang,P.079,Lipis,27126,0.839,3469,32331,5205
ge13,Pahang,P.080,Raub,45059,0.831,2814,54222,9163
ge13,Pahang,P.081,Jerantut,49600,0.85,4532,58352,8752
ge13,Pahang,P.082,Indera Mahkota,54737,0.852,7523,64245,9508
ge13,Pahang,P.083,Kuantan,47858,0.85,4515,56303,8445
ge13,Pahang,P.084,Paya Besar,40834,0.85,7715,48040,7206
ge13,Pahang,P.085,Pekan,68464,0.853,35613,80262,11798
ge13,Pahang,P.086,Maran,32750,0.852,6475,38438,5688
ge13,Pahang,P.087,Kuala Krau,37663,0.876,6205,42994,5331
ge13,Pahang,P.088,Temerloh,56595,0.856,1070,66115,9520
ge13,Pahang,P.089,Bentong,52628,0.845,379,62281,9653
ge13,Pahang,P.090,Bera,42944,0.842,2143,51002,8058
ge13,Pahang,P.091,Rompin,46014,0.859,15114,53566,7552
ge13,Selangor,P.092,Sabak Bernam,31859,0.854,1890,37305,5446
ge13,Selangor,P.093,Sungai Besar,37810,0.883,399,42819,5009
ge13,Selangor,P.094,Hulu Selangor,75113,0.876,3414,85745,10632
ge13,Selangor,P.095,Tanjong Karang,37768,0.892,4394,42340,4572
ge13,Selangor,P.096,Kuala Selangor,55592,0.892,460,62322,6730
ge13,Selangor,P.097,Selayang,92528,0.874,17958,105867,13339
ge13,Selangor,P.098,Gombak,107140,0.869,4734,123291,16151
ge13,Selangor,P.099,Ampang,71574,0.861,13278,83128,11554
ge13,Selangor,P.100,Pandan,73228,0.873,26729,83880,10652
ge13,Selangor,P.101,Hulu Langat,112856,0.886,17267,127376,14520
ge13,Selangor,P.102,Bangi,118339,0.889,42206,133114,14775
ge13,Selangor,P.103,Puchong,94529,0.883,32802,107054,12525
ge13,Selangor,P.104,Subang,86497,0.854,28827,101284,14787
ge13,Selangor,P.105,Petaling Jaya,65323,0.821,19216,79565,14242
ge13,Selangor,P.106,Damansara,70727,0.828,44672,85419,14692
ge13,Selangor,P.107,Sungai Buloh,112937,0.879,26719,128483,15546
ge13,Selangor,P.108,Shah Alam,88128,0.882,10939,99918,11790
ge13,Selangor,P.109,Kapar,127023,0.881,23790,144180,17157
ge13,Selangor,P.110,Klang,84219,0.868,24685,97026,12807
ge13,Selangor,P.111,Kota Raja,92729,0.876,29395,105855,13126
ge13,Selangor,P.112,Kuala Langat,78726,0.89,5358,88456,9730
ge13,Selangor,P.113,Sepang,75135,0.891,1142,84326,9191
ge13,W.P. Kuala Lumpur,P.114,Kepong,58585,0.861,40307,68042,9457
ge13,W.P. Kuala Lumpur,P.115,Batu,72147,0.845,13284,85381,13234
ge13,W.P. Kuala Lumpur,P.116,Wangsa Maju,58291,0.86,5511,67780,9489
ge13,W.P. Kuala Lumpur,P.117,Segambut,64184,0.849,19199,75599,11415
ge13,W.P. Kuala Lumpur,P.118,Setiawangsa,52910,0.849,1390,62320,9410
ge13,W.P. Kuala Lumpur,P.119,Titiwangsa,45631,0.825,866,55310,9679
ge13,W.P. Kuala Lumpur,P.120,Bukit Bintang,41824,0.751,19399,55691,13867
ge13,W.P. Kuala Lumpur,P.121,Lembah Pantai,61048,0.843,1847,72417,11369
ge13,W.P. Kuala Lumpur,P.122,Seputeh,71859,0.836,51552,85955,14096
ge13,W.P. Kuala Lumpur,P.123,Cheras,59492,0.82,37409,72551,13059
ge13,W.P. Kuala Lumpur,P.124,Bandar Tun Razak,78157,0.859,11832,90986,12829
ge13,W.P. Putrajaya,P.125,Putrajaya,14465,0.916,5541,15791,1326
ge13,Negeri Sembilan,P.126,Jelebu,38020,0.846,7101,44940,6920
ge13,Negeri Sembilan,P.127,Jempol,54858,0.841,8629,65229,10371
ge13,Negeri Sembilan,P.128,Seremban,87617,0.856,12553,102356,14739
ge13,Negeri Sembilan,P.129,Kuala Pilah,40291,0.845,9661,47681,7390
ge13,Negeri Sembilan,P.130,Rasah,75860,0.858,24101,88414,12554
ge13,Negeri Sembilan,P.131,Rembau,69548,0.873,18357,79665,10117
ge13,Negeri Sembilan,P.132,Port Dickson,59984,0.851,1579,70486,10502
ge13,Negeri Sembilan,P.133,Tampin,48799,0.852,11162,57275,8476
ge13,Melaka,P.134,Masjid Tanah,39827,0.867,16200,45936,6109
ge13,Melaka,P.135,Alor Gajah,55131,0.867,11597,63588,8457
ge13,Melaka,P.136,Tangga Batu,64426,0.879,15633,73294,8868
ge13,Melaka,P.137,Hang Tuah Jaya,88271,0.888,5733,99404,11133
ge13,Melaka,P.138,Kota Melaka,79651,0.863,20746,92295,12644
ge13,Melaka,P.139,Jasin,56856,0.882,11763,64462,7606
ge13,Johor,P.140,Segamat,39895,0.849,1217,46990,7095
ge13,Johor,P.141,Sekijang,37519,0.871,3007,43075,5556
ge13,Johor,P.142,Labis,32027,0.849,353,37723,5696
ge13,Johor,P.143,Pagoh,40613,0.868,12842,46789,6176
ge13,Johor,P.144,Ledang,60382,0.871,1967,69324,8942
ge13,Johor,P.145,Bakri,58453,0.87,5067,67187,8734
ge13,Johor,P.146,Muar,40992,0.85,1646,48225,7233
ge13,Johor,P.147,Parit Sulong,49855,0.876,11753,56912,7057
ge13,Johor,P.148,Ayer Hitam,37841,0.882,7310,42903,5062
ge13,Johor,P.149,Sri Gading,39899,0.89,5761,44830,4931
ge13,Johor,P.150,Batu Pahat,77202,0.875,1524,88230,11028
ge13,Johor,P.151,Simpang Renggam,34754,0.866,5706,40131,5377
ge13,Johor,P.152,Kluang,75262,0.868,7359,86707,11445
ge13,Johor,P.153,Sembrong,35910,0.863,10631,41610,5700
ge13,Johor,P.154,Mersing,37393,0.84,15747,44515,7122
ge13,Johor,P.155,Tenggara,34946,0.88,17196,39711,4765
ge13,Johor,P.156,Kota Tinggi,36943,0.882,24574,41885,4942
ge13,Johor,P.157,Pengerang,33067,0.87,22508,38008,4941
ge13,Johor,P.158,Tebrau,79835,0.882,1767,90515,10680
ge13,Johor,P.159,Pasir Gudang,88550,0.876,935,101084,12534
ge13,Johor,P.160,Johor Bahru,79965,0.83,10495,96343,16378
ge13,Johor,P.161,Pulai,85924,0.855,3226,100495,14571
ge13,Johor,P.162,Iskandar Puteri,95068,0.891,14762,106698,11630
ge13,Johor,P.163,Kulai,75015,0.893,13450,84003,8988
ge13,Johor,P.164,Pontian,42831,0.863,13727,49630,6799
ge13,Johor,P.165,Tanjung Piai,45622,0.879,5457,51902,6280
ge13,W.P. Labuan,P.166,Labuan,19377,0.792,6625,24465,5088
ge13,Sabah,P.167,Kudat,36421,0.771,12376,47238,10817
ge13,Sabah,P.168,Kota Marudu,33125,0.785,842,42197,9072
ge13,Sabah,P.169,Kota Belud,43502,0.845,5095,51481,7979
ge13,Sabah,P.170,Tuaran,40849,0.846,5190,48284,7435
ge13,Sabah,P.171,Sepanggar,43500,0.815,9442,53374,9874
ge13,Sabah,P.172,Kota Kinabalu,39548,0.783,18959,50508,10960
ge13,Sabah,P.173,Putatan,29936,0.799,9507,37466,7530
ge13,Sabah,P.174,Penampang,36882,0.832,10216,44329,7447
ge13,Sabah,P.175,Papar,33262,0.858,10535,38766,5504
ge13,Sabah,P.176,Kimanis,23170,0.87,5723,26632,3462
ge13,Sabah,P.177,Beaufort,26000,0.864,672,30092,4092
ge13,Sabah,P.178,Sipitang,24387,0.836,9469,29171,4784
ge13,Sabah,P.179,Ranau,31458,0.806,3611,39029,7571
ge13,Sabah,P.180,Keningau,36144,0.827,3918,43704,7560
ge13,Sabah,P.181,Tenom,20944,0.828,3886,25294,4350
ge13,Sabah,P.182,Pensiangan,21391,0.817,1744,26182,4791
ge13,Sabah,P.183,Beluran,18915,0.766,9988,24693,5778
ge13,Sabah,P.184,Libaran,32119,0.808,11586,39751,7632
ge13,Sabah,P.185,Batu Sapi,23400,0.775,3798,30193,6793
ge13,Sabah,P.186,Sandakan,27923,0.753,1088,37082,9159
ge13,Sabah,P.187,Kinabatangan,19997,0.808,9731,24748,4751
ge13,Sabah,P.188,Lahad Datu,39663,0.768,13387,51644,11981
ge13,Sabah,P.189,Semporna,31595,0.76,20905,41572,9977
ge13,Sabah,P.190,Tawau,39787,0.772,4979,51537,11750
ge13,Sabah,P.191,Kalabakan,36230,0.774,14221,46808,10578
ge13,Sarawak,P.192,Mas Gading,20384,0.791,2156,25769,5385
ge13,Sarawak,P.193,Santubong,29286,0.791,20936,37024,7738
ge13,Sarawak,P.194,Petra Jaya,38170,0.767,21443,49765,11595
ge13,Sarawak,P.195,Bandar Kuching,40879,0.766,19642,53366,12487
ge13,Sarawak,P.196,Stampin,65515,0.773,18670,84754,19239
ge13,Sarawak,P.197,Kota Samarahan,31612,0.828,17401,38178,6566
ge13,Sarawak,P.198,Puncak Borneo,32695,0.772,9721,42351,9656
ge13,Sarawak,P.199,Serian,26562,0.788,13151,33708,7146
ge13,Sarawak,P.200,Batang Sadong,15541,0.783,11260,19848,4307
ge13,Sarawak,P.201,Batang Lupar,20754,0.759,10964,27343,6589
ge13,Sarawak,P.202,Sri Aman,22409,0.752,6550,29799,7390
ge13,Sarawak,P.203,Lubok Antu,15166,0.786,4091,19295,4129
ge13,Sarawak,P.204,Betong,20439,0.776,10887,26338,5899
ge13,Sarawak,P.205,Saratok,22136,0.803,2081,27566,5430
ge13,Sarawak,P.206,Tanjong Manis,14402,0.75,10964,19202,4800
ge13,Sarawak,P.207,Igan,13898,0.782,10149,17772,3874
ge13,Sarawak,P.208,Sarikei,28353,0.776,505,36537,8184
ge13,Sarawak,P.209,Julau,16973,0.754,5955,22510,5537
ge13,Sarawak,P.210,Kanowit,13759,0.708,3042,19433,5674
ge13,Sarawak,P.211,Lanang,44956,0.787,8630,57123,12167
ge13,Sarawak,P.212,Sibu,51588,0.799,2841,64565,12977
ge13,Sarawak,P.213,Mukah,19879,0.751,12764,26470,6591
ge13,Sarawak,P.214,Selangau,20753,0.815,7555,25463,4710
ge13,Sarawak,P.215,Kapit,17474,0.667,9731,26197,8723
ge13,Sarawak,P.216,Hulu Rajang,14763,0.681,5834,21678,6915
ge13,Sarawak,P.217,Bintulu,45968,0.768,7433,59854,13886
ge13,Sarawak,P.218,Sibuti,20947,0.739,6066,28345,7398
ge13,Sarawak,P.219,Miri,52813,0.742,1992,71176,18363
ge13,Sarawak,P.220,Baram,18796,0.64,194,29368,10572
ge13,Sarawak,P.221,Limbang,17912,0.738,8301,24271,6359
ge13,Sarawak,P.222,Lawas,14113,0.749,6030,18842,4729
ge14,Perlis,P.001,Padang Besar,37432,0.812,1438,46098,8666
ge14,Perlis,P.002,Kangar,45703,0.817,5603,55940,10237
ge14,Perlis,P.003,Arau,40433,0.839,4856,48191,7758
ge14,Kedah,P.004,Langkawi,35250,0.826,8893,42675,7425
ge14,Kedah,P.005,Jerlun,44822,0.828,5866,54132,9310
ge14,Kedah,P.006,Kubang Pasu,61452,0.832,13009,73860,12408
ge14,Kedah,P.007,Padang Terap,39932,0.856,1099,46649,6717
ge14,Kedah,P.008,Pokok Sena,71910,0.828,5558,86847,14937
ge14,Kedah,P.009,Alor Setar,65096,0.811,15200,80266,15170
ge14,Kedah,P.010,Kuala Kedah,80555,0.824,13481,97760,17205
ge14,Kedah,P.011,Pendang,63371,0.846,5808,74906,11535
ge14,Kedah,P.012,Jerai,66920,0.837,539,79952,13032
ge14,Kedah,P.013,Sik,42772,0.849,5218,50379,7607
ge14,Kedah,P.014,Merbok,72708,0.828,10072,87811,15103
ge14,Kedah,P.015,Sungai Petani,93847,0.834,21569,112526,18679
ge14,Kedah,P.016,Baling,92128,0.859,1074,107250,15122
ge14,Kedah,P.017,Padang Serai,71157,0.839,8813,84811,13654
ge14,Kedah,P.018,Kulim-Bandar Baharu,55390,0.832,4860,66574,11184
ge14,Kelantan,P.019,Tumpat,88733,0.8,17500,110916,22183
ge14,Kelantan,P.020,Pengkalan Chepa,60862,0.807,13232,75417,14555
ge14,Kelantan,P.021,Kota Bharu,68306,0.77,5869,88709,20403
ge14,Kelantan,P.022,Pasir Mas,55319,0.777,13075,71195,15876
ge14,Kelantan,P.023,Rantau Panjang,49639,0.751,6150,66097,16458
ge14,Kelantan,P.024,Kubang Kerian,64867,0.791,19369,82006,17139
ge14,Kelantan,P.025,Bachok,75945,0.82,3292,92615,16670
ge14,Kelantan,P.026,Ketereh,54404,0.834,4626,65232,10828
ge14,Kelantan,P.027,Tanah Merah,59598,0.814,2929,73216,13618
ge14,Kelantan,P.028,Pasir Puteh,69745,0.817,1360,85367,15622
ge14,Kelantan,P.029,Machang,56320,0.824,2824,68349,12029
ge14,Kelantan,P.030,Jeli,39627,0.835,6647,47457,7830
ge14,Kelantan,P.031,Kuala Krai,56278,0.8,7992,70347,14069
ge14,Kelantan,P.032,Gua Musang,41206,0.785,3913,52491,11285
ge14,Terengganu,P.033,Besut,72323,0.835,4599,86614,14291
ge14,Terengganu,P.034,Setiu,73673,0.854,2802,86268,12595
ge14,Terengganu,P.035,Kuala Nerus,73211,0.875,8447,83669,10458
ge14,Terengganu,P.036,Kuala Terengganu,87786,0.847,14773,103643,15857
ge14,Terengganu,P.037,Marang,92046,0.877,21954,104955,12909
ge14,Terengganu,P.038,Hulu Terengganu,63428,0.863,2868,73497,10069
ge14,Terengganu,P.039,Dungun,76706,0.848,13119,90455,13749
ge14,Terengganu,P.040,Kemaman,92007,0.855,2163,107610,15603
ge14,Pulau Pinang,P.041,Kepala Batas,53127,0.878,4736,60509,7382
ge14,Pulau Pinang,P.042,Tasek Gelugor,52890,0.869,81,60863,7973
ge14,Pulau Pinang,P.043,Bagan,60642,0.847,43902,71596,10954
ge14,Pulau Pinang,P.044,Permatang Pauh,70686,0.864,15668,81812,11126
ge14,Pulau Pinang,P.045,Bukit Mertajam,75977,0.854,52877,88966,12989
ge14,Pulau Pinang,P.046,Batu Kawan,55479,0.848,33553,65423,9944
ge14,Pulau Pinang,P.047,Nibong Tebal,63199,0.861,15817,73401,10202
ge14,Pulau Pinang,P.048,Bukit Bendera,60429,0.805,40731,75067,14638
ge14,Pulau Pinang,P.049,Tanjong,40130,0.809,29599,49604,9474
ge14,Pulau Pinang,P.050,Jelutong,64584,0.839,38171,76977,12393
ge14,Pulau Pinang,P.051,Bukit Gelugor,76489,0.835,55951,91603,15114
ge14,Pulau Pinang,P.052,Bayan Baru,75884,0.836,37751,90770,14886
ge14,Pulau Pinang,P.053,Balik Pulau,50564,0.856,6464,59070,8506
ge14,Perak,P.054,Gerik,28032,0.781,5528,35892,7860
ge14,Perak,P.055,Lenggong,23719,0.797,5773,29760,6041
ge14,Perak,P.056,Larut,40470,0.818,4486,49474,9004
ge14,Perak,P.057,Parit Buntar,43347,0.836,3098,51850,8503
ge14,Perak,P.058,Bagan Serai,48381,0.816,172,59290,10909
ge14,Perak,P.059,Bukit Gantang,57867,0.828,4089,69887,12020
ge14,Perak,P.060,Taiping,71297,0.786,27384,90708,19411
ge14,Perak,P.061,Padang Rengas,25698,0.829,2548,30998,5300
ge14,Perak,P.062,Sungai Siput,43662,0.794,5607,54989,11327
ge14,Perak,P.063,Tambun,88920,0.825,5320,107781,18861
ge14,Perak,P.064,Ipoh Timor,71726,0.784,42797,91487,19761
ge14,Perak,P.065,Ipoh Barat,66852,0.788,45724,84837,17985
ge14,Perak,P.066,Batu Gajah,63804,0.784,43868,81382,17578
ge14,Perak,P.067,Kuala Kangsar,30701,0.831,731,36944,6243
ge14,Perak,P.068,Beruas,61617,0.772,27954,79814,18197
ge14,Perak,P.069,Parit,29547,0.823,6320,35901,6354
ge14,Perak,P.070,Kampar,53567,0.771,11801,69477,15910
ge14,Perak,P.071,Gopeng,80532,0.812,29778,99177,18645
ge14,Perak,P.072,Tapah,37113,0.787,614,47157,10044
ge14,Perak,P.073,Pasir Salak,44508,0.814,7712,54678,10170
ge14,Perak,P.074,Lumut,55042,0.82,400,67124,12082
ge14,Perak,P.075,Bagan Datuk,37796,0.799,5073,47304,9508
ge14,Perak,P.076,Teluk Intan,54601,0.821,11179,66505,11904
ge14,Perak,P.077,Tanjong Malim,55613,0.812,5358,68488,12875
ge14,Pahang,P.078,Cameron Highlands,25326,0.79,597,32058,6732
ge14,Pahang,P.079,Lipis,28666,0.812,6569,35302,6636
ge14,Pahang,P.080,Raub,46971,0.814,3159,57703,10732
ge14,Pahang,P.081,Jerantut,51414,0.808,5908,63631,12217
ge14,Pahang,P.082,Indera Mahkota,64612,0.837,10950,77194,12582
ge14,Pahang,P.083,Kuantan,52167,0.832,8111,62700,10533
ge14,Pahang,P.084,Paya Besar,44942,0.815,5742,55143,10201
ge14,Pahang,P.085,Pekan,72308,0.813,24859,88939,16631
ge14,Pahang,P.086,Maran,33363,0.813,3763,41036,7673
ge14,Pahang,P.087,Kuala Krau,39102,0.827,2876,47281,8179
ge14,Pahang,P.088,Temerloh,62204,0.828,1904,75125,12921
ge14,Pahang,P.089,Bentong,56173,0.834,2032,67353,11180
ge14,Pahang,P.090,Bera,48339,0.823,2311,58735,10396
ge14,Pahang,P.091,Rompin,50905,0.822,11395,61928,11023
ge14,Selangor,P.092,Sabak Bernam,34023,0.833,1674,40843,6820
ge14,Selangor,P.093,Sungai Besar,41878,0.859,714,48752,6874
ge14,Selangor,P.094,Hulu Selangor,86798,0.859,13391,101045,14247
ge14,Selangor,P.095,Tanjong Karang,41184,0.873,1970,47175,5991
ge14,Selangor,P.096,Kuala Selangor,60843,0.877,8498,69376,8533
ge14,Selangor,P.097,Selayang,99450,0.856,40657,116179,16729
ge14,Selangor,P.098,Gombak,120548,0.854,48721,141156,20608
ge14,Selangor,P.099,Ampang,77539,0.845,41956,91762,14223
ge14,Selangor,P.100,Pandan,86514,0.854,52543,101304,14790
ge14,Selangor,P.101,Hulu Langat,89577,0.875,25424,102373,12796
ge14,Selangor,P.102,Bangi,157933,0.883,68768,178859,20926
ge14,Selangor,P.103,Puchong,84357,0.875,47635,96408,12051
ge14,Selangor,P.104,Subang,126883,0.867,92353,146347,19464
ge14,Selangor,P.105,Petaling Jaya,116597,0.827,57137,140987,24390
ge14,Selangor,P.106,Damansara,137639,0.838,106903,164247,26608
ge14,Selangor,P.107,Sungai Buloh,78874,0.87,26634,90659,11785
ge14,Selangor,P.108,Shah Alam,94241,0.878,33849,107335,13094
ge14,Selangor,P.109,Kapar,107829,0.863,16306,124946,17117
ge14,Selangor,P.110,Klang,128536,0.861,78773,149286,20750
ge14,Selangor,P.111,Kota Raja,129412,0.868,71142,149092,19680
ge14,Selangor,P.112,Kuala Langat,89437,0.873,17112,102447,13010
ge14,Selangor,P.113,Sepang,92087,0.881,18705,104525,12438
ge14,W.P. Kuala Lumpur,P.114,Kepong,61812,0.85,51628,72720,10908
ge14,W.P. Kuala Lumpur,P.115,Batu,63600,0.833,24438,76350,12750
ge14,W.P. Kuala Lumpur,P.116,Wangsa Maju,74509,0.842,24238,88490,13981
ge14,W.P. Kuala Lumpur,P.117,Segambut,65265,0.837,45702,77974,12709
ge14,W.P. Kuala Lumpur,P.118,Setiawangsa,61884,0.858,14372,72125,10241
ge14,W.P. Kuala Lumpur,P.119,Titiwangsa,50858,0.826,4139,61571,10713
ge14,W.P. Kuala Lumpur,P.120,Bukit Bintang,52765,0.759,37260,69519,16754
ge14,W.P. Kuala Lumpur,P.121,Lembah Pantai,67059,0.835,5598,80310,13251
ge14,W.P. Kuala Lumpur,P.122,Seputeh,70583,0.818,56059,86287,15704
ge14,W.P. Kuala Lumpur,P.123,Cheras,64074,0.813,49665,78811,14737
ge14,W.P. Kuala Lumpur,P.124,Bandar Tun Razak,71180,0.851,19930,83642,12462
ge14,W.P. Putrajaya,P.125,Putrajaya,24881,0.911,3372,27311,2430
ge14,Negeri Sembilan,P.126,Jelebu,39733,0.819,2045,48514,8781
ge14,Negeri Sembilan,P.127,Jempol,58523,0.811,1631,72161,13638
ge14,Negeri Sembilan,P.128,Seremban,93254,0.846,30694,110229,16975
ge14,Negeri Sembilan,P.129,Kuala Pilah,41156,0.826,200,49825,8669
ge14,Negeri Sembilan,P.130,Rasah,86655,0.843,46867,102793,16138
ge14,Negeri Sembilan,P.131,Rembau,75315,0.852,4364,88397,13082
ge14,Negeri Sembilan,P.132,Port Dickson,62548,0.832,17710,75177,12629
ge14,Negeri Sembilan,P.133,Tampin,49515,0.815,1002,60754,11239
ge14,Melaka,P.134,Masjid Tanah,43093,0.838,8159,51423,8330
ge14,Melaka,P.135,Alor Gajah,59000,0.838,6980,70405,11405
ge14,Melaka,P.136,Tangga Batu,70453,0.847,4659,83179,12726
ge14,Melaka,P.137,Hang Tuah Jaya,77758,0.87,8640,89377,11619
ge14,Melaka,P.138,Kota Melaka,107085,0.844,49175,126877,19792
ge14,Melaka,P.139,Jasin,62912,0.857,219,73409,10497
ge14,Johor,P.140,Segamat,46170,0.834,5476,55359,9189
ge14,Johor,P.141,Sekijang,38527,0.845,1281,45594,7067
ge14,Johor,P.142,Labis,33146,0.821,3410,40372,7226
ge14,Johor,P.143,Pagoh,43667,0.848,6927,51494,7827
ge14,Johor,P.144,Ledang,66708,0.861,8666,77477,10769
ge14,Johor,P.145,Bakri,62632,0.848,23211,73858,11226
ge14,Johor,P.146,Muar,42868,0.843,6953,50851,7983
ge14,Johor,P.147,Parit Sulong,50778,0.852,6341,59598,8820
ge14,Johor,P.148,Ayer Hitam,39474,0.855,303,46168,6694
ge14,Johor,P.149,Sri Gading,45193,0.867,3288,52125,6932
ge14,Johor,P.150,Batu Pahat,83574,0.848,17894,98554,14980
ge14,Johor,P.151,Simpang Renggam,36695,0.834,3475,43998,7303
ge14,Johor,P.152,Kluang,81841,0.844,23053,96968,15127
ge14,Johor,P.153,Sembrong,36768,0.833,6662,44139,7371
ge14,Johor,P.154,Mersing,38306,0.795,8459,48183,9877
ge14,Johor,P.155,Tenggara,37818,0.845,5933,44755,6937
ge14,Johor,P.156,Kota Tinggi,39418,0.844,14621,46703,7285
ge14,Johor,P.157,Pengerang,33580,0.83,11417,40457,6877
ge14,Johor,P.158,Tebrau,105420,0.857,37225,123010,17590
ge14,Johor,P.159,Pasir Gudang,106576,0.858,24726,124214,17638
ge14,Johor,P.160,Johor Bahru,81645,0.805,19782,101422,19777
ge14,Johor,P.161,Pulai,88116,0.829,28924,106291,18175
ge14,Johor,P.162,Iskandar Puteri,118779,0.859,44864,138275,19496
ge14,Johor,P.163,Kulai,85687,0.864,32748,99174,13487
ge14,Johor,P.164,Pontian,46683,0.84,833,55575,8892
ge14,Johor,P.165,Tanjung Piai,45858,0.857,524,53509,7651
ge14,W.P. Labuan,P.166,Labuan,21729,0.766,1450,28366,6637
ge14,Sabah,P.167,Kudat,38205,0.731,1359,52264,14059
ge14,Sabah,P.168,Kota Marudu,35231,0.749,1774,47037,11806
ge14,Sabah,P.169,Kota Belud,47565,0.821,4262,57935,10370
ge14,Sabah,P.170,Tuaran,44834,0.824,7624,54410,9576
ge14,Sabah,P.171,Sepanggar,49012,0.785,12984,62435,13423
ge14,Sabah,P.172,Kota Kinabalu,42973,0.764,24086,56247,13274
ge14,Sabah,P.173,Putatan,31865,0.771,2339,41329,9464
ge14,Sabah,P.174,Penampang,43659,0.822,23473,53113,9454
ge14,Sabah,P.175,Papar,36540,0.838,325,43603,7063
ge14,Sabah,P.176,Kimanis,25519,0.862,156,29604,4085
ge14,Sabah,P.177,Beaufort,28154,0.844,3331,33357,5203
ge14,Sabah,P.178,Sipitang,25483,0.799,852,31893,6410
ge14,Sabah,P.179,Ranau,33904,0.776,1076,43690,9786
ge14,Sabah,P.180,Keningau,40913,0.799,45,51205,10292
ge14,Sabah,P.181,Tenom,23027,0.789,1133,29185,6158
ge14,Sabah,P.182,Pensiangan,24955,0.795,2314,31389,6434
ge14,Sabah,P.183,Beluran,21606,0.758,7115,28503,6897
ge14,Sabah,P.184,Libaran,37248,0.777,678,47938,10690
ge14,Sabah,P.185,Batu Sapi,24029,0.738,4619,32559,8530
ge14,Sabah,P.186,Sandakan,28668,0.721,10098,39761,11093
ge14,Sabah,P.187,Kinabatangan,22257,0.775,9478,28718,6461
ge14,Sabah,P.188,Lahad Datu,44294,0.727,6401,60927,16633
ge14,Sabah,P.189,Semporna,34613,0.717,20674,48274,13661
ge14,Sabah,P.190,Tawau,43861,0.732,4727,59919,16058
ge14,Sabah,P.191,Kalabakan,38041,0.729,3187,52182,14141
ge14,Sarawak,P.192,Mas Gading,22822,0.771,3024,29600,6778
ge14,Sarawak,P.193,Santubong,33868,0.742,19485,45644,11776
ge14,Sarawak,P.194,Petra Jaya,43513,0.751,15017,57940,14427
ge14,Sarawak,P.195,Bandar Kuching,61483,0.751,35973,81868,20385
ge14,Sarawak,P.196,Stampin,52550,0.793,14221,66267,13717
ge14,Sarawak,P.197,Kota Samarahan,36551,0.789,16992,46325,9774
ge14,Sarawak,P.198,Puncak Borneo,35142,0.761,4005,46178,11036
ge14,Sarawak,P.199,Serian,27880,0.741,9905,37624,9744
ge14,Sarawak,P.200,Batang Sadong,17349,0.747,12328,23224,5875
ge14,Sarawak,P.201,Batang Lupar,20603,0.691,10277,29816,9213
ge14,Sarawak,P.202,Sri Aman,23379,0.708,5820,33021,9642
ge14,Sarawak,P.203,Lubok Antu,14785,0.711,1059,20794,6009
ge14,Sarawak,P.204,Betong,21165,0.726,8116,29152,7987
ge14,Sarawak,P.205,Saratok,23084,0.756,989,30534,7450
ge14,Sarawak,P.206,Tanjong Manis,14425,0.659,8674,21889,7464
ge14,Sarawak,P.207,Igan,12996,0.663,8495,19601,6605
ge14,Sarawak,P.208,Sarikei,30895,0.781,2570,39558,8663
ge14,Sarawak,P.209,Julau,18569,0.732,1931,25367,6798
ge14,Sarawak,P.210,Kanowit,15149,0.721,4312,21011,5862
ge14,Sarawak,P.211,Lanang,46419,0.749,14546,61974,15555
ge14,Sarawak,P.212,Sibu,57689,0.778,11422,74150,16461
ge14,Sarawak,P.213,Mukah,21205,0.693,7000,30598,9393
ge14,Sarawak,P.214,Selangau,22352,0.744,486,30043,7691
ge14,Sarawak,P.215,Kapit,18485,0.603,10479,30655,12170
ge14,Sarawak,P.216,Hulu Rajang,17727,0.644,6315,27526,9799
ge14,Sarawak,P.217,Bintulu,48036,0.738,7022,65089,17053
ge14,Sarawak,P.218,Sibuti,22697,0.712,3676,31877,9180
ge14,Sarawak,P.219,Miri,58439,0.727,13663,80383,21944
ge14,Sarawak,P.220,Baram,22806,0.639,1990,35690,12884
ge14,Sarawak,P.221,Limbang,17802,0.674,7710,26412,8610
ge14,Sarawak,P.222,Lawas,14550,0.683,6000,21303,6753
ge15,Perlis,P.001,Padang Besar,36706,0.609815258,12514,60192,23486
ge15,Perlis,P.002,Kangar,56200,0.750744733,9192,74859,18659
ge15,Perlis,P.003,Arau,46791,0.768628031,23216,60876,14085
ge15,Kedah,P.004,Langkawi,47660,0.713718795,13518,66777,19117
ge15,Kedah,P.005,Jerlun,52207,0.772281475,20456,67601,15394
ge15,Kedah,P.006,Kubang Pasu,83402,0.77069222,31584,108217,24815
ge15,Kedah,P.007,Padang Terap,48629,0.813112397,10959,59806,11177
ge15,Kedah,P.008,Pokok Sena,87944,0.765809227,31751,114838,26894
ge15,Kedah,P.009,Alor Setar,76986,0.726324132,9931,105994,29008
ge15,Kedah,P.010,Kuala Kedah,100475,0.758301887,28061,132500,32025
ge15,Kedah,P.011,Pendang,75594,0.799538854,31289,94547,18953
ge15,Kedah,P.012,Jerai,82293,0.783735393,33192,105001,22708
ge15,Kedah,P.013,Sik,51161,0.810458448,21787,63126,11965
ge15,Kedah,P.014,Merbok,102544,0.774244209,21019,132444,29900
ge15,Kedah,P.015,Sungai Petani,130004,0.769951495,1115,168847,38843
ge15,Kedah,P.016,Baling,109064,0.825623207,29137,132099,23035
ge15,Kedah,P.017,Padang Serai,91416,0.682886746,16260,133867,42451
ge15,Kedah,P.018,Kulim-Bandar Baharu,70340,0.780333034,13061,90141,19801
ge15,Kelantan,P.019,Tumpat,104659,0.700664788,34793,149371,44712
ge15,Kelantan,P.020,Pengkalan Chepa,77761,0.726860593,38270,106982,29221
ge15,Kelantan,P.021,Kota Bharu,78019,0.675781724,22613,115450,37431
ge15,Kelantan,P.022,Pasir Mas,65153,0.689128871,30717,94544,29391
ge15,Kelantan,P.023,Rantau Panjang,60257,0.646201527,20636,93248,32991
ge15,Kelantan,P.024,Kubang Kerian,81384,0.716156283,40847,113640,32256
ge15,Kelantan,P.025,Bachok,89417,0.725887501,29901,123183,33766
ge15,Kelantan,P.026,Ketereh,62862,0.737116122,23107,85281,22419
ge15,Kelantan,P.027,Tanah Merah,69686,0.70545241,44485,98782,29096
ge15,Kelantan,P.028,Pasir Puteh,80978,0.71617582,29109,113070,32092
ge15,Kelantan,P.029,Machang,65114,0.733059386,10154,88825,23711
ge15,Kelantan,P.030,Jeli,42953,0.718301615,12464,59798,16845
ge15,Kelantan,P.031,Kuala Krai,64681,0.700503601,25188,92335,27654
ge15,Kelantan,P.032,Gua Musang,48377,0.688601361,163,70254,21877
ge15,Terengganu,P.033,Besut,85364,0.764567846,18666,111650,26286
ge15,Terengganu,P.034,Setiu,84832,0.79064999,19032,107294,22462
ge15,Terengganu,P.035,Kuala Nerus,87628,0.82705376,29765,105952,18324
ge15,Terengganu,P.036,Kuala Terengganu,96552,0.78303394,40907,123305,26753
ge15,Terengganu,P.037,Marang,109068,0.827802908,41729,131756,22688
ge15,Terengganu,P.038,Hulu Terengganu,72008,0.819045236,15734,87917,15909
ge15,Terengganu,P.039,Dungun,91269,0.789804342,34105,115559,24290
ge15,Terengganu,P.040,Kemaman,113095,0.811164585,27179,139423,26328
ge15,Pulau Pinang,P.041,Kepala Batas,69302,0.834149806,2867,83081,13779
ge15,Pulau Pinang,P.042,Tasek Gelugor,67112,0.829895632,12252,80868,13756
ge15,Pulau Pinang,P.043,Bagan,68654,0.767538319,49648,89447,20793
ge15,Pulau Pinang,P.044,Permatang Pauh,88256,0.823391115,5272,107186,18930
ge15,Pulau Pinang,P.045,Bukit Mertajam,92745,0.767635885,57685,120819,28074
ge15,Pulau Pinang,P.046,Batu Kawan,68831,0.775019142,40400,88812,19981
ge15,Pulau Pinang,P.047,Nibong Tebal,79308,0.792588595,16293,100062,20754
ge15,Pulau Pinang,P.048,Bukit Bendera,62489,0.675403422,42610,92521,30032
ge15,Pulau Pinang,P.049,Tanjong,37683,0.713652633,28754,52803,15120
ge15,Pulau Pinang,P.050,Jelutong,70707,0.752290162,38604,93989,23282
ge15,Pulau Pinang,P.051,Bukit Gelugor,86073,0.734825072,63112,117134,31061
ge15,Pulau Pinang,P.052,Bayan Baru,89703,0.749774323,34902,119640,29937
ge15,Pulau Pinang,P.053,Balik Pulau,63911,0.796259843,1582,80264,16353
ge15,Perak,P.054,Gerik,35282,0.741763902,1377,47565,12283
ge15,Perak,P.055,Lenggong,28122,0.761082544,879,36950,8828
ge15,Perak,P.056,Larut,52610,0.800529527,11598,65719,13109
ge15,Perak,P.057,Parit Buntar,53495,0.780926104,5395,68502,15007
ge15,Perak,P.058,Bagan Serai,63428,0.789956783,18551,80293,16865
ge15,Perak,P.059,Bukit Gantang,72600,0.770267259,12756,94253,21653
ge15,Perak,P.060,Taiping,86136,0.708553378,25529,121566,35430
ge15,Perak,P.061,Padang Rengas,30248,0.78188492,3046,38686,8438
ge15,Perak,P.062,Sungai Siput,51614,0.712949789,1846,72395,20781
ge15,Perak,P.063,Tambun,124769,0.777096127,3736,160558,35789
ge15,Perak,P.064,Ipoh Timor,80458,0.680820457,43888,118178,37720
ge15,Perak,P.065,Ipoh Barat,79129,0.690154726,56667,114654,35525
ge15,Perak,P.066,Batu Gajah,75780,0.677236005,53836,111896,36116
ge15,Perak,P.067,Kuala Kangsar,35754,0.760966266,3566,46985,11231
ge15,Perak,P.068,Beruas,73483,0.678833061,33971,108249,34766
ge15,Perak,P.069,Parit,38046,0.794031097,2155,47915,9869
ge15,Perak,P.070,Kampar,60238,0.67010034,14330,89894,29656
ge15,Perak,P.071,Gopeng,104730,0.729028171,27148,143657,38927
ge15,Perak,P.072,Tapah,45447,0.733655119,5064,61946,16499
ge15,Perak,P.073,Pasir Salak,58217,0.77870815,5003,74761,16544
ge15,Perak,P.074,Lumut,72152,0.77606161,363,92972,20820
ge15,Perak,P.075,Bagan Datuk,42695,0.733805407,348,58183,15488
ge15,Perak,P.076,Teluk Intan,64910,0.744192979,15169,87222,22312
ge15,Perak,P.077,Tanjong Malim,70928,0.75557402,3541,93873,22945
ge15,Pahang,P.078,Cameron Highlands,34115,0.741308127,4544,46020,11905
ge15,Pahang,P.079,Lipis,36238,0.768992445,6118,47124,10886
ge15,Pahang,P.080,Raub,56968,0.758925717,4357,75064,18096
ge15,Pahang,P.081,Jerantut,67592,0.776464371,8092,87051,19459
ge15,Pahang,P.082,Indera Mahkota,93379,0.774614472,8399,120549,27170
ge15,Pahang,P.083,Kuantan,67762,0.773565305,2866,87597,19835
ge15,Pahang,P.084,Paya Besar,61983,0.777274779,1317,79744,17761
ge15,Pahang,P.085,Pekan,94391,0.790259789,8949,119443,25052
ge15,Pahang,P.086,Maran,41514,0.781395874,1821,53128,11614
ge15,Pahang,P.087,Kuala Krau,48348,0.798652064,1024,60537,12189
ge15,Pahang,P.088,Temerloh,83396,0.780649449,5520,106829,23433
ge15,Pahang,P.089,Bentong,67332,0.773415424,692,87058,19726
ge15,Pahang,P.090,Bera,59548,0.766689413,16695,77669,18121
ge15,Pahang,P.091,Rompin,66927,0.750883531,1438,89131,22204
ge15,Selangor,P.092,Sabak Bernam,40977,0.79398942,5056,51609,10632
ge15,Selangor,P.093,Sungai Besar,51070,0.793234134,2721,64382,13312
ge15,Selangor,P.094,Hulu Selangor,122442,0.793444663,1562,154317,31875
ge15,Selangor,P.095,Tanjong Karang,51205,0.82331093,2180,62194,10989
ge15,Selangor,P.096,Kuala Selangor,86481,0.840020981,1002,102951,16470
ge15,Selangor,P.097,Selayang,144881,0.798070938,23619,181539,36658
ge15,Selangor,P.098,Gombak,165426,0.800148977,12729,206744,41318
ge15,Selangor,P.099,Ampang,104430,0.78228235,29681,133494,29064
ge15,Selangor,P.100,Pandan,115656,0.777623882,48296,148730,33074
ge15,Selangor,P.101,Hulu Langat,136789,0.819576758,14896,166902,30113
ge15,Selangor,P.102,Bangi,244291,0.805098375,69701,303430,59139
ge15,Selangor,P.103,Puchong,120949,0.791235174,57957,152861,31912
ge15,Selangor,P.104,Subang,177983,0.770689357,115074,230940,52957
ge15,Selangor,P.105,Petaling Jaya,145862,0.747442966,50575,195148,49286
ge15,Selangor,P.106,Damansara,174937,0.731638666,124619,239103,64166
ge15,Selangor,P.107,Sungai Buloh,129639,0.820032893,2693,158090,28451
ge15,Selangor,P.108,Shah Alam,135768,0.819142774,18097,165744,29976
ge15,Selangor,P.109,Kapar,158030,0.834508288,11782,189369,31339
ge15,Selangor,P.110,Klang,163905,0.784561037,91801,208913,45008
ge15,Selangor,P.111,Kota Raja,197634,0.807618752,73998,244712,47078
ge15,Selangor,P.112,Kuala Langat,123680,0.832094297,1833,148637,24957
ge15,Selangor,P.113,Sepang,137955,0.820970132,8949,168039,30084
ge15,W.P. Kuala Lumpur,P.114,Kepong,72319,0.767025508,61081,94285,21966
ge15,W.P. Kuala Lumpur,P.115,Batu,87146,0.765358369,22241,113863,26717
ge15,W.P. Kuala Lumpur,P.116,Wangsa Maju,92740,0.770758708,20696,120323,27583
ge15,W.P. Kuala Lumpur,P.117,Segambut,85496,0.714538829,8754,119652,34156
ge15,W.P. Kuala Lumpur,P.118,Setiawangsa,74764,0.780800602,12164,95753,20989
ge15,W.P. Kuala Lumpur,P.119,Titiwangsa,60858,0.753687443,4632,80747,19889
ge15,W.P. Kuala Lumpur,P.120,Bukit Bintang,52936,0.663508059,38977,79782,26846
ge15,W.P. Kuala Lumpur,P.121,Lembah Pantai,76714,0.753368425,13912,101828,25114
ge15,W.P. Kuala Lumpur,P.122,Seputeh,87454,0.700725131,67187,124805,37351
ge15,W.P. Kuala Lumpur,P.123,Cheras,71746,0.709064674,54448,101184,29438
ge15,W.P. Kuala Lumpur,P.124,Bandar Tun Razak,93021,0.780475731,9817,119185,26164
ge15,W.P. Putrajaya,P.125,Putrajaya,36623,0.854061239,2310,42881,6258
ge15,Negeri Sembilan,P.126,Jelebu,45334,0.761135642,8125,59561,14227
ge15,Negeri Sembilan,P.127,Jempol,71795,0.749324204,5857,95813,24018
ge15,Negeri Sembilan,P.128,Seremban,123284,0.784029915,30841,157244,33960
ge15,Negeri Sembilan,P.129,Kuala Pilah,48662,0.769396177,6483,63247,14585
ge15,Negeri Sembilan,P.130,Rasah,119691,0.767761841,61987,155896,36205
ge15,Negeri Sembilan,P.131,Rembau,109436,0.819407735,19897,133555,24119
ge15,Negeri Sembilan,P.132,Port Dickson,80185,0.767687889,23601,104450,24265
ge15,Negeri Sembilan,P.133,Tampin,61033,0.752574014,1276,81099,20066
ge15,Melaka,P.134,Masjid Tanah,54749,0.791467893,4411,69174,14425
ge15,Melaka,P.135,Alor Gajah,73000,0.782330058,890,93311,20311
ge15,Melaka,P.136,Tangga Batu,92027,0.793349885,8849,115998,23971
ge15,Melaka,P.137,Hang Tuah Jaya,94486,0.797397315,8638,118493,24007
ge15,Melaka,P.138,Kota Melaka,123181,0.750463019,46420,164140,40959
ge15,Melaka,P.139,Jasin,77598,0.806564943,322,96208,18610
ge15,Johor,P.140,Segamat,50652,0.730276817,5669,69360,18708
ge15,Johor,P.141,Sekijang,48237,0.753926947,1734,63981,15744
ge15,Johor,P.142,Labis,34745,0.697046904,2833,49846,15101
ge15,Johor,P.143,Pagoh,54391,0.777691989,10007,69939,15548
ge15,Johor,P.144,Ledang,80307,0.767922201,9769,104577,24270
ge15,Johor,P.145,Bakri,73140,0.751425489,19254,97335,24195
ge15,Johor,P.146,Muar,53158,0.771244106,1345,68925,15767
ge15,Johor,P.147,Parit Sulong,62954,0.792033617,2021,79484,16530
ge15,Johor,P.148,Ayer Hitam,46692,0.764928491,2963,61041,14349
ge15,Johor,P.149,Sri Gading,61264,0.779420371,4000,78602,17338
ge15,Johor,P.150,Batu Pahat,99494,0.742991561,15972,133910,34416
ge15,Johor,P.151,Simpang Renggam,44131,0.747564921,1821,59033,14902
ge15,Johor,P.152,Kluang,95621,0.722529507,26406,132342,36721
ge15,Johor,P.153,Sembrong,40930,0.744425448,10880,54982,14052
ge15,Johor,P.154,Mersing,46906,0.70774802,2337,66275,19369
ge15,Johor,P.155,Tenggara,52070,0.773768835,2991,67294,15224
ge15,Johor,P.156,Kota Tinggi,47333,0.772266728,8390,61291,13958
ge15,Johor,P.157,Pengerang,41840,0.756381517,5010,55316,13476
ge15,Johor,P.158,Tebrau,167965,0.752190989,30720,223301,55336
ge15,Johor,P.159,Pasir Gudang,149280,0.752097136,31558,198485,49205
ge15,Johor,P.160,Johor Bahru,94393,0.692193183,16041,136368,41975
ge15,Johor,P.161,Pulai,117303,0.709581219,33174,165313,48010
ge15,Johor,P.162,Iskandar Puteri,163680,0.735848802,60036,222437,58757
ge15,Johor,P.163,Kulai,115253,0.76201842,36023,151247,35994
ge15,Johor,P.164,Pontian,56851,0.755876722,5758,75212,18361
ge15,Johor,P.165,Tanjung Piai,54588,0.772336903,6360,70679,16091
ge15,W.P. Labuan,P.166,Labuan,28449,0.639533315,708,44484,16035
ge15,Sabah,P.167,Kudat,45108,0.59568961,1967,75724,30616
ge15,Sabah,P.168,Kota Marudu,49946,0.618641234,8174,80735,30789
ge15,Sabah,P.169,Kota Belud,54037,0.676434875,4582,79885,25848
ge15,Sabah,P.170,Tuaran,58227,0.698006449,233,83419,25192
ge15,Sabah,P.171,Sepanggar,70304,0.648740426,7042,108370,38066
ge15,Sabah,P.172,Kota Kinabalu,44120,0.595741233,23783,74059,29939
ge15,Sabah,P.173,Putatan,41249,0.652953002,124,63173,21924
ge15,Sabah,P.174,Penampang,50730,0.657005206,14410,77214,26484
ge15,Sabah,P.175,Papar,43509,0.725851657,12224,59942,16433
ge15,Sabah,P.176,Kimanis,31068,0.762161764,3037,40763,9695
ge15,Sabah,P.177,Beaufort,29298,0.677441731,2518,43248,13950
ge15,Sabah,P.178,Sipitang,29061,0.633537529,4691,45871,16810
ge15,Sabah,P.179,Ranau,42298,0.63589759,11092,66517,24219
ge15,Sabah,P.180,Keningau,54872,0.626478513,8056,87588,32716
ge15,Sabah,P.181,Tenom,28649,0.681388988,1108,42045,13396
ge15,Sabah,P.182,Pensiangan,37110,0.666582842,5412,55672,18562
ge15,Sabah,P.183,Beluran,29334,0.655845462,1594,44727,15393
ge15,Sabah,P.184,Libaran,44531,0.615647293,12618,72332,27801
ge15,Sabah,P.185,Batu Sapi,27037,0.61565261,4821,43916,16879
ge15,Sabah,P.186,Sandakan,30919,0.556677829,11031,55542,24623
ge15,Sabah,P.187,Kinabatangan,27354,0.610948563,4330,44773,17419
ge15,Sabah,P.188,Lahad Datu,58145,0.579965289,4376,100256,42111
ge15,Sabah,P.189,Semporna,38909,0.539137303,20810,72169,33260
ge15,Sabah,P.190,Tawau,50687,0.579432308,3800,87477,36790
ge15,Sabah,P.191,Kalabakan,50030,0.595808027,9100,83970,33940
ge15,Sarawak,P.192,Mas Gading,31379,0.665218037,5480,47171,15792
ge15,Sarawak,P.193,Santubong,51809,0.651357807,38681,79540,27731
ge15,Sarawak,P.194,Petra Jaya,69163,0.629848191,41363,109809,40646
ge15,Sarawak,P.195,Bandar Kuching,63575,0.579482271,28891,109710,46135
ge15,Sarawak,P.196,Stampin,73753,0.609483592,7158,121009,47256
ge15,Sarawak,P.197,Kota Samarahan,55111,0.670213672,29445,82229,27118
ge15,Sarawak,P.198,Puncak Borneo,51154,0.639672873,13338,79969,28815
ge15,Sarawak,P.199,Serian,39974,0.612412483,16697,65273,25299
ge15,Sarawak,P.200,Batang Sadong,22443,0.687591912,14893,32640,10197
ge15,Sarawak,P.201,Batang Lupar,27559,0.639835624,14463,43072,15513
ge15,Sarawak,P.202,Sri Aman,31917,0.63625309,4039,50164,18247
ge15,Sarawak,P.203,Lubok Antu,19294,0.665425073,100,28995,9701
ge15,Sarawak,P.204,Betong,26713,0.639939631,11302,41743,15030
ge15,Sarawak,P.205,Saratok,30841,0.692573713,8826,44531,13690
ge15,Sarawak,P.206,Tanjong Manis,19040,0.577880296,13908,32948,13908
ge15,Sarawak,P.207,Igan,16986,0.600424178,14552,28290,11304
ge15,Sarawak,P.208,Sarikei,36463,0.662746737,3697,55018,18555
ge15,Sarawak,P.209,Julau,22537,0.646685796,1340,34850,12313
ge15,Sarawak,P.210,Kanowit,18043,0.582257648,236,30988,12945
ge15,Sarawak,P.211,Lanang,52946,0.606094601,11544,87356,34410
ge15,Sarawak,P.212,Sibu,65942,0.622828808,7760,105875,39933
ge15,Sarawak,P.213,Mukah,27780,0.591516907,15686,46964,19184
ge15,Sarawak,P.214,Selangau,28796,0.629517085,4986,45743,16947
ge15,Sarawak,P.215,Kapit,21999,0.486595886,12402,45210,23211
ge15,Sarawak,P.216,Hulu Rajang,23407,0.538859984,7505,43438,20031
ge15,Sarawak,P.217,Bintulu,70392,0.619653342,22168,113599,43207
ge15,Sarawak,P.218,Sibuti,33916,0.579542736,11745,58522,24606
ge15,Sarawak,P.219,Miri,78148,0.545615762,6159,143229,65081
ge15,Sarawak,P.220,Baram,29783,0.500260351,7339,59535,29752
ge15,Sarawak,P.221,Limbang,19796,0.471344556,9998,41999,22203
ge15,Sarawak,P.222,Lawas,18208,0.541019165,5677,33655,15447
